Address,Total NFTs
0x0f0eae91990140c560d4156db4f00c854dc8f09e,31776
0x8f01Ce31dA22ee7182200428b36B5Dec5bfdAeBd,35
0xaa2e61bd52d62cccc988e3dd1e38fc10c25741e5,870
0x8e101059Bd832496fC443D47ca2B6D0767b288DF,664
0xD2A2462dBd4feB1AACF4020C0df9A3664B587f19,24
0x09b3ed5392df96c5691a5c3e793acb4dc47d089e,296
0x0bd43F463074e731718f970C35b3fa7c8184c642,424
0x5f80fa8a11fcab25bc4837f0009737d5e9ca9f3e,698
0x3fcddb0dd912e6f68927b448546cce99f22a3e31,415
0xfa42d7f197f2793cca274186a4bdbf6ade5a8884,347
0xbCb5DC467D09d518a0EBa0bd968A3ecfB37768C8,565
0x27db050a9bffc75d3209e7c27d780a84ab15a13e,208
0x6B67623ff56c10d9dcFc2152425f90285fC74DDD,5364
0x8BE3Fd8a423c38131aAE0330B20CEeC425e0E50E,4505
0x55A9C5180DCAFC98D99d3f3E4B248E9156B12Ac1,15599
0xbc46e99f434bab242ea1a0c57f54a2e05681e45e,13
0x7db5255041E2058bc40D0b07C8E36da0de37baFf,1182
0xe3262EeDe42a5EB5189B7A57443257D35F7FB5F7,615
0xa20416801aC2eACf2372e825B4a90ef52490c2Bb,179
0xCb3408baD3192777e561B362e8467c213231Ef9f,524
0x514ce3f21da8946886189699a0b1be0dccd69c4c,1512
0x61E0841d103D77325e7743d1ff7117efE7c2C9f6,5570
0xc77fa6c05b4e472feee7c0f9b20e70c5bf33a99b,338
0x54BE3a794282C030b15E43aE2bB182E14c409C5e,45230
0xA14964479Ebf9cD336011ad80652b08CD83dFE3A,4315
0x8eFD9ADDD8de6A4E64664D1893dEc51F8C3339E9,227
0x071fb1d0A031B9eacc9bb97059BF550CAaA0bBf9,39
0x5efd8bb9cc3d7bcc69ba230c9431f6b7675471ef,3
0x041E1FE38d7dE3a10ED9291C44435aE29fb0d2a8,339
0x8c4a6242c002712dfc3a35fa04370df01d01ac4e,192
0x26adcc28d8152c5ddf187d2dbec226f277d87ed7,343
0xD83daee534Fdcf461dF67C454d325059b3b952Df,80
0x16174273B883ec5b2AD3bD9AEea08E67A2711D0D,104
0x19BD0ac8d147dFD963B069d06C7D272069495231,370
0x738175db2c999581f29163e6d4d3516ad4af8834,69
0xa1fcf52bc3ece251385f7516c837188adde259ce,61
0xC865D3796ef59195EF01ecE0d6AC5c758e4358A3,224
0xf32019C92DE16f4800F1e51c2324286d18B3c8c6,1
0xebe8184A565382a99713cBF58ba756Ad6AF5421f,207
0x4017AC301D4ABF4C26cD348Be93Ec61EAA9315eE,2
0xa679AF71C9a6D39f1Bea16F27c1D57A1A40cB58c,1
0xE6a9D0539FAbe0Fda237C3c4baFEaE2042B06E67,298
0xdd54e6edaffe9547e144c3eccdaf7facf1b0db84,225
0x2bCBbDc3926b670f46732b9a314230b5ea144568,47
0xe74ca58EF724b94fAC7f2e09E2e48536A5c1AD03,1432
0x024e0c1879DB65cF94269dec6461060A181dc1c8,80
0xb6734a7597cfa9ae7e7c6409bbbd4ec2c0a76332,149
0x283125b8dba28469eeb4bae5e1acfe44df9d101a,885
0x75e1c2493136a2d62888615d53382AC3116861fE,11
0x5445092634581774a680E4dEDD4ec9bFC35A26Fd,815
0x6eF2376fA6e12Dabb3a3ED0Fb44E4ff29847Af68,1245
0xbd81918003e5ad8a84d9aed89d4f88e4c73965fa,20
0x1264f7d54798c1898611cb07fea0389eea7235d0,42254
0x514fc379b4ae674f74dac2a266aff608a9b6507f,471
0xed3c3bffcf147850406d0e58ce4f4ebd2b5cd96c,325
0x6301Add4fb128de9778B8651a2a9278B86761423,15753
0x55907Cf476998d2F58591C6D0a10eCbbE249A8EB,663
0x05ca35f12dee096cf2a9ba793a34322aac28941e,18
0x699ae3ff896b6d3e401f97e107418f15cde20c91,3
0xBcfb8C2dc58b0c12c894A7B70b03B58d020e2c31,286
0xAB1f3799eb3eA45423Fe3ba5AB1aD367ca3D1880,52
0xD76040b01fa18843F8983Dbb1B40d3a64b5B771A,212
0xFC199e896bB4A153046Bacb8B3C3170079190705,474
0x537037c5ae805b9d4cecab5ee07f12a8e59a15b2,7171
0x9fc57c82655dff05aa137da61289e728ecfd510a,49
0x4aC80d6D5496De33889aa0D7408417731c136f66,77
0xe9243B443f7Ae019F03210c09937BD9a92752D13,148
0xc12A2DFeE2859424e9318AFdBF1dFbDF043ED32a,375
0x9C3517FbD366D6a7f9DCC7d0bAdc6946fd5e75A8,114
0x88e092ADf7039676e6e16fb825004002F35763B2,1212
0xff26c0f8cf45761f163924f85add048eeecb1ef1,6
0x341B9fd24713b3199DB0E9BeccD64329A3803e8E,512
0x16aD4E68C2E1D312C01098d3E1Cfc633B90dFF46,2257
0x5c5b6cade3f45fca78aac5a9877f1b73c51300e3,1054
0xF9C58eeA107f9eaa891F1bce730Bf4de902465A6,1045
0xa1b1A631c0c1dD4899deC7C343Ee59aD21867803,276
0xab4273e7137f9531fcb47d558d9bab0e726e6937,3448
0x54a973a5da508D551EdF9EE50842E7C36FAa1d87,271
0x85c5489F74FE5000fF0701535D9Ec8eF49dfe704,2948
0x23be060093db74f38b1a3daf57afdc1a23db0077,314
