Address,Total Transactions,First Transaction Date,Last Transaction Date
0x0f0eae91990140c560d4156db4f00c854dc8f09e,10934,2021-03-13T01:01:03.000Z,2024-08-07T12:42:11.000Z
0x8f01Ce31dA22ee7182200428b36B5Dec5bfdAeBd,1551,2021-03-14T23:44:40.000Z,2022-12-17T09:35:23.000Z
0xaa2e61bd52d62cccc988e3dd1e38fc10c25741e5,2049,2021-04-03T06:22:13.000Z,2024-07-14T18:20:35.000Z
0x8e101059Bd832496fC443D47ca2B6D0767b288DF,1394,2021-03-13T23:52:43.000Z,2024-06-08T05:09:35.000Z
0xD2A2462dBd4feB1AACF4020C0df9A3664B587f19,64,2021-06-27T20:17:06.000Z,2022-04-22T08:28:51.000Z
0x09b3ed5392df96c5691a5c3e793acb4dc47d089e,4968,2021-02-27T09:30:41.000Z,2024-04-22T15:20:35.000Z
0x0bd43F463074e731718f970C35b3fa7c8184c642,830,2018-02-13T17:26:04.000Z,2024-07-07T00:36:35.000Z
0x5f80fa8a11fcab25bc4837f0009737d5e9ca9f3e,1561,2019-05-03T08:51:06.000Z,2024-06-28T09:17:23.000Z
0x3fcddb0dd912e6f68927b448546cce99f22a3e31,2808,2021-03-24T20:21:44.000Z,2024-07-18T22:23:47.000Z
0xfa42d7f197f2793cca274186a4bdbf6ade5a8884,1427,2021-06-28T06:23:14.000Z,2024-02-13T08:17:11.000Z
0xbCb5DC467D09d518a0EBa0bd968A3ecfB37768C8,5513,2020-11-06T01:21:47.000Z,2024-08-09T03:03:59.000Z
0x27db050a9bffc75d3209e7c27d780a84ab15a13e,4661,2020-09-14T14:55:47.000Z,2023-04-07T03:53:11.000Z
0x6B67623ff56c10d9dcFc2152425f90285fC74DDD,8136,2017-08-13T15:36:29.000Z,2024-08-09T07:13:11.000Z
0x8BE3Fd8a423c38131aAE0330B20CEeC425e0E50E,1364,2021-01-21T00:36:32.000Z,2024-04-27T07:23:59.000Z
0x55A9C5180DCAFC98D99d3f3E4B248E9156B12Ac1,7491,2017-12-30T15:56:32.000Z,2024-07-01T04:20:47.000Z
0xbc46e99f434bab242ea1a0c57f54a2e05681e45e,690,2020-07-31T13:52:19.000Z,2024-07-22T03:38:23.000Z
0x7db5255041E2058bc40D0b07C8E36da0de37baFf,2864,2020-04-29T19:34:12.000Z,2024-08-09T18:21:11.000Z
0xe3262EeDe42a5EB5189B7A57443257D35F7FB5F7,728,2020-09-19T10:02:51.000Z,2024-05-26T10:48:35.000Z
0xa20416801aC2eACf2372e825B4a90ef52490c2Bb,2792,2018-05-08T08:16:10.000Z,2024-08-01T14:34:11.000Z
0xCb3408baD3192777e561B362e8467c213231Ef9f,2059,2021-03-26T10:23:03.000Z,2024-07-29T21:42:59.000Z
0x514ce3f21da8946886189699a0b1be0dccd69c4c,3386,2020-02-13T17:29:51.000Z,2024-01-03T07:56:35.000Z
0x61E0841d103D77325e7743d1ff7117efE7c2C9f6,8903,2020-09-23T08:48:04.000Z,2024-08-09T03:25:47.000Z
0xc77fa6c05b4e472feee7c0f9b20e70c5bf33a99b,12307,2020-08-09T14:43:44.000Z,2023-08-21T14:01:59.000Z
0x54BE3a794282C030b15E43aE2bB182E14c409C5e,5389,2021-04-29T17:48:38.000Z,2024-08-07T08:44:11.000Z
0xA14964479Ebf9cD336011ad80652b08CD83dFE3A,6289,2020-09-22T15:49:28.000Z,2024-08-05T00:07:23.000Z
0x8eFD9ADDD8de6A4E64664D1893dEc51F8C3339E9,3403,2019-08-13T23:20:22.000Z,2024-08-09T21:03:11.000Z
0x071fb1d0A031B9eacc9bb97059BF550CAaA0bBf9,184,2021-04-15T15:30:07.000Z,2021-11-03T20:42:52.000Z
0x5efd8bb9cc3d7bcc69ba230c9431f6b7675471ef,184,2021-04-22T16:37:40.000Z,2023-02-14T20:14:47.000Z
0x041E1FE38d7dE3a10ED9291C44435aE29fb0d2a8,1965,2020-07-25T11:18:41.000Z,2024-03-28T13:58:23.000Z
0x8c4a6242c002712dfc3a35fa04370df01d01ac4e,1095,2021-05-04T19:30:23.000Z,2024-08-09T09:34:59.000Z
0x26adcc28d8152c5ddf187d2dbec226f277d87ed7,1404,2017-12-17T04:50:51.000Z,2024-07-23T05:19:59.000Z
0xD83daee534Fdcf461dF67C454d325059b3b952Df,422,2020-08-24T05:58:25.000Z,2024-05-22T16:24:59.000Z
0x16174273B883ec5b2AD3bD9AEea08E67A2711D0D,2182,2020-06-05T14:04:40.000Z,2024-06-03T21:31:35.000Z
0x19BD0ac8d147dFD963B069d06C7D272069495231,1258,2021-02-24T18:59:01.000Z,2024-04-13T14:20:23.000Z
0x738175db2c999581f29163e6d4d3516ad4af8834,5031,2018-01-07T10:58:31.000Z,2023-06-09T12:11:23.000Z
0xa1fcf52bc3ece251385f7516c837188adde259ce,325,2021-06-08T20:05:28.000Z,2023-01-09T10:50:11.000Z
0xC865D3796ef59195EF01ecE0d6AC5c758e4358A3,658,2020-09-04T18:02:39.000Z,2023-11-29T08:35:11.000Z
0xf32019C92DE16f4800F1e51c2324286d18B3c8c6,28,2021-07-23T12:53:07.000Z,2024-06-21T16:46:35.000Z
0xebe8184A565382a99713cBF58ba756Ad6AF5421f,715,2021-05-24T23:33:41.000Z,2024-07-10T11:56:47.000Z
0x4017AC301D4ABF4C26cD348Be93Ec61EAA9315eE,143,2021-08-11T22:47:17.000Z,2022-01-16T19:17:30.000Z
0xa679AF71C9a6D39f1Bea16F27c1D57A1A40cB58c,16,2021-08-17T13:03:49.000Z,2023-01-12T09:46:11.000Z
0xE6a9D0539FAbe0Fda237C3c4baFEaE2042B06E67,3898,2020-08-06T17:19:20.000Z,2024-08-05T15:04:47.000Z
0xdd54e6edaffe9547e144c3eccdaf7facf1b0db84,1316,2021-03-22T17:09:47.000Z,2024-07-23T12:26:35.000Z
0x2bCBbDc3926b670f46732b9a314230b5ea144568,135,2017-05-10T18:02:52.000Z,2023-12-15T11:28:35.000Z
0xe74ca58EF724b94fAC7f2e09E2e48536A5c1AD03,7063,2021-02-24T13:10:15.000Z,2024-07-17T21:23:35.000Z
0x024e0c1879DB65cF94269dec6461060A181dc1c8,426,2021-05-02T03:22:33.000Z,2022-12-31T21:08:11.000Z
0xb6734a7597cfa9ae7e7c6409bbbd4ec2c0a76332,684,2021-08-08T19:51:23.000Z,2024-04-21T01:57:47.000Z
0x283125b8dba28469eeb4bae5e1acfe44df9d101a,1336,2021-03-08T22:39:15.000Z,2024-02-08T23:04:11.000Z
0x75e1c2493136a2d62888615d53382AC3116861fE,94,2021-08-20T15:09:17.000Z,2022-11-08T00:53:35.000Z
0x5445092634581774a680E4dEDD4ec9bFC35A26Fd,2053,2020-01-10T13:05:50.000Z,2024-05-20T22:44:47.000Z
0x6eF2376fA6e12Dabb3a3ED0Fb44E4ff29847Af68,4378,2018-12-28T22:59:51.000Z,2024-07-09T20:33:23.000Z
0xbd81918003e5ad8a84d9aed89d4f88e4c73965fa,105,2021-08-03T04:42:51.000Z,2023-08-09T04:02:47.000Z
0x1264f7d54798c1898611cb07fea0389eea7235d0,3851,2018-08-01T02:45:34.000Z,2024-05-03T15:27:23.000Z
0x514fc379b4ae674f74dac2a266aff608a9b6507f,1928,2021-03-03T19:56:12.000Z,2024-07-17T02:55:23.000Z
0xed3c3bffcf147850406d0e58ce4f4ebd2b5cd96c,1046,2017-07-13T00:18:02.000Z,2024-06-06T19:51:23.000Z
0x6301Add4fb128de9778B8651a2a9278B86761423,7843,2017-06-17T02:46:02.000Z,2024-02-11T22:56:47.000Z
0x55907Cf476998d2F58591C6D0a10eCbbE249A8EB,2021,2020-08-24T19:00:55.000Z,2024-08-03T23:45:59.000Z
0x05ca35f12dee096cf2a9ba793a34322aac28941e,101,2021-08-31T17:57:25.000Z,2023-04-25T00:25:59.000Z
0x699ae3ff896b6d3e401f97e107418f15cde20c91,46,2021-06-29T12:03:28.000Z,2022-01-03T12:22:44.000Z
0xBcfb8C2dc58b0c12c894A7B70b03B58d020e2c31,325,2021-08-28T10:29:39.000Z,2023-11-30T16:04:47.000Z
0xAB1f3799eb3eA45423Fe3ba5AB1aD367ca3D1880,240,2020-08-13T23:37:33.000Z,2023-05-24T18:29:23.000Z
0xD76040b01fa18843F8983Dbb1B40d3a64b5B771A,3107,2021-05-04T20:59:14.000Z,2024-08-01T17:18:47.000Z
0xFC199e896bB4A153046Bacb8B3C3170079190705,1560,2021-06-16T14:44:29.000Z,2024-06-04T15:25:35.000Z
0x537037c5ae805b9d4cecab5ee07f12a8e59a15b2,14624,2020-09-04T03:57:04.000Z,2024-08-03T15:34:47.000Z
0x9fc57c82655dff05aa137da61289e728ecfd510a,146,2021-08-12T15:46:30.000Z,2024-08-03T20:18:35.000Z
0x4aC80d6D5496De33889aa0D7408417731c136f66,75,2020-05-28T17:30:46.000Z,2023-12-22T21:52:23.000Z
0xe9243B443f7Ae019F03210c09937BD9a92752D13,365,2021-08-23T00:17:49.000Z,2024-05-28T17:38:11.000Z
0xc12A2DFeE2859424e9318AFdBF1dFbDF043ED32a,2790,2018-05-14T20:24:49.000Z,2023-02-06T20:16:47.000Z
0x9C3517FbD366D6a7f9DCC7d0bAdc6946fd5e75A8,904,2020-05-11T18:40:57.000Z,2023-09-09T09:57:23.000Z
0x88e092ADf7039676e6e16fb825004002F35763B2,722,2021-01-28T19:01:21.000Z,2023-01-09T09:13:11.000Z
0xff26c0f8cf45761f163924f85add048eeecb1ef1,161,2021-08-17T01:35:30.000Z,2022-01-10T14:44:44.000Z
0x341B9fd24713b3199DB0E9BeccD64329A3803e8E,143,2021-08-30T13:58:51.000Z,2024-01-02T08:43:47.000Z
0x16aD4E68C2E1D312C01098d3E1Cfc633B90dFF46,1491,2017-05-31T07:10:27.000Z,2024-08-09T03:46:11.000Z
0x5c5b6cade3f45fca78aac5a9877f1b73c51300e3,2886,2017-09-30T13:20:28.000Z,2024-07-11T07:32:59.000Z
0xF9C58eeA107f9eaa891F1bce730Bf4de902465A6,1507,2021-07-10T20:42:07.000Z,2024-06-20T15:50:59.000Z
0xa1b1A631c0c1dD4899deC7C343Ee59aD21867803,1279,2021-03-14T07:35:59.000Z,2024-07-18T22:19:35.000Z
0xab4273e7137f9531fcb47d558d9bab0e726e6937,4701,2021-08-26T23:00:56.000Z,2024-06-17T21:58:11.000Z
0x54a973a5da508D551EdF9EE50842E7C36FAa1d87,796,2021-10-01T00:49:15.000Z,2022-11-08T00:45:23.000Z
0x85c5489F74FE5000fF0701535D9Ec8eF49dfe704,5794,2019-07-06T11:57:17.000Z,2024-06-28T23:16:23.000Z
0x23be060093db74f38b1a3daf57afdc1a23db0077,3667,2020-06-23T15:51:50.000Z,2024-03-19T00:38:47.000Z
